First Name,Last Name,Email,Phone
John,Doe,john.doe@example.com,+1234567890
Jane,Smith,jane.smith@example.com,+1234567891
Alice,Johnson,alice.johnson@example.com,+1234567892
Bob,Brown,bob.brown@example.com,+1234567893
Charlie,Davis,charlie.davis@example.com,+1234567894
Eve,Miller,eve.miller@example.com,+1234567895
Frank,Wilson,frank.wilson@example.com,+1234567896
Grace,Taylor,grace.taylor@example.com,+1234567897
Hank,Anderson,hank.anderson@example.com,+1234567898
Ivy,Thomas,ivy.thomas@example.com,+1234567899
